,A,B,C,D
2000-01-01,-0.481144811507,-1.25496582269,1.65547095639,0.39635191556
2000-01-02,-0.274418853755,-1.74120486603,1.91744059901,-0.231297498991
2000-01-03,-1.04772184633,-0.621207944813,1.89372724879,-0.451470885291
2000-01-04,-0.779489978255,0.567213192433,1.69303206596,-0.917439333901
2000-01-05,-1.42681422244,-0.579532471728,3.28192514838,-1.08179189574
2000-01-06,-1.65974904024,-0.650013909241,1.29068929799,-1.26780696715
2000-01-07,-2.5621254732,-1.83445158991,1.81257767955,0.406422279334
2000-01-08,-1.13420725986,-2.51597258117,2.1685788239,1.67467472148
2000-01-09,-1.4438322073,-3.92415444342,2.41608094426,2.22196711688
2000-01-10,-0.990811633175,-4.50469185207,3.298455099,2.78592029428
2000-01-11,-1.06780457735,-6.1179337159,4.2343838172,2.06639902419
2000-01-12,-1.3508898842,-5.43372655066,5.14066310668,2.51327430847
2000-01-13,-2.54299607221,-6.79191869693,6.26493439698,3.02448497096
2000-01-14,-3.59152669554,-5.5322731533,6.18061316228,3.13057836929
2000-01-15,-3.1938026577,-5.74282304916,6.04740697343,2.68917883423
2000-01-16,-2.68817901937,-5.83471644099,6.96975255151,4.24762751997
2000-01-17,-1.53098343455,-5.8035699952,7.85689475134,4.68395188293
2000-01-18,-2.36158416031,-3.93684133439,6.15821343162,3.42432588636
2000-01-19,-1.35176252709,-5.35301730157,6.07538000122,3.19478732083
2000-01-20,-1.39006070685,-4.97182729288,6.24783975695,2.5883798534
2000-01-21,-0.373517736508,-6.16580818412,6.33836012285,3.02553928734
2000-01-22,0.356494431733,-5.53731837059,6.72406219899,4.82103188299
2000-01-23,0.537231337331,-5.27054750111,8.6498065458,4.20527818755
2000-01-24,1.37995323314,-4.77198849807,7.1465785808,2.20777469388
2000-01-25,1.93775078496,-5.68004787396,7.11440748981,1.56177576106
2000-01-26,0.736351326924,-5.12557178771,8.69362861791,1.35449296405
2000-01-27,-0.114038460684,-5.96392178918,11.520522238,0.92552858764
2000-01-28,-0.00713847762339,-4.97433126579,11.0850173565,-0.440763129201
2000-01-29,-0.0749865689242,-5.38067378504,10.2959139997,0.980038577082
2000-01-30,-1.47196980921,-4.64045652351,10.522210008,1.73010274723
2000-01-31,-1.58337632827,-3.02828936832,9.40756909668,0.69360351634
2000-02-01,-3.40191431718,-3.0893940366,9.15730621917,1.90681813166
2000-02-02,-3.38454073222,-2.01465591168,9.43375237518,1.81510616615
2000-02-03,-3.0226556149,0.218711534625,9.3059526942,1.94437785779
2000-02-04,-3.34721706904,-1.61491813496,10.8694210852,3.0200321088
2000-02-05,-2.31604555135,-0.801428181595,11.0361277498,2.73798093029
2000-02-06,-2.69502183857,-1.46575882241,10.0543944972,2.67167304565
2000-02-07,-3.72081106084,-0.603858351342,10.3066710777,3.42805399739
2000-02-08,-1.56635127709,-0.224613116713,10.2968598583,4.6322777677
2000-02-09,-1.51962905131,1.41875684095,11.1689181984,6.13665039116
2000-02-10,-1.11071439086,1.16108194611,11.2952214059,6.40261890194
2000-02-11,-2.33009606526,0.964424800358,11.1706002938,7.29901440254
2000-02-12,-2.32269946297,0.929716020731,11.7710533773,7.74678198782
2000-02-13,-3.00211792016,3.86243620706,11.2252976769,7.73998466427
2000-02-14,-3.50659808479,3.3149240866,9.66056454495,5.91075190936
2000-02-15,-2.64776929515,3.72335004754,8.48199621243,5.00790593323
2000-02-16,-2.83840543607,4.02379963884,7.75026662337,3.43888737831
2000-02-17,-3.3766493849,3.49679579307,8.93866144483,3.25889116084
2000-02-18,-2.5384757985,3.56852925518,9.40380627645,1.90386896548
2000-02-19,-2.57826827968,3.78980518672,9.37266332454,2.20443036443
2000-02-20,-2.86460348255,5.41063202145,11.2685657394,1.79253420987
2000-02-21,-1.7857155714,5.78190659216,11.1405821969,2.27875176246
2000-02-22,-2.62062495729,4.98563162534,10.5029719192,0.795283449149
2000-02-23,-2.04331323843,5.54401634779,10.3334778676,1.36219245798
2000-02-24,-2.17591651398,6.25135200453,10.6140300565,0.428744380263
2000-02-25,-1.91540933781,6.20746021973,10.3758208487,0.907203493549
2000-02-26,-2.44123186786,5.00714844336,10.10461837,0.320093318661
2000-02-27,-0.71956077019,6.3687522164,11.1175112694,0.562047857018
2000-02-28,-3.88935884414,7.08772591961,10.8959576799,2.56373499496
2000-02-29,-4.57438644123,5.56424860813,12.263870717,3.03152341893
2000-03-01,-5.33532210202,6.44171870539,12.666400184,2.40535686347
2000-03-02,-4.21750377504,6.34080449009,11.7144005777,4.58792150753
2000-03-03,-3.82140267722,6.23377152315,10.7807098499,4.95494658169
2000-03-04,-3.69067915548,6.50305561827,11.3171231903,5.29723879233
2000-03-05,-2.0672990004,5.5757722995,11.0833338157,5.0071007174
2000-03-06,-1.07171325565,6.72863642195,11.4883978465,6.35825665032
2000-03-07,-0.138834081405,6.71481268913,12.2889127259,7.1332182529
2000-03-08,-0.332916346337,7.11514073132,12.3499542679,5.42447902869
2000-03-09,-0.772766466844,7.07847918182,11.9091342949,5.7993599855
2000-03-10,-1.4113826715,8.01924466538,11.8899994365,4.24606897255
2000-03-11,-0.890347972765,8.36968191301,11.5017562387,3.74275284522
2000-03-12,-1.89140041465,9.80100236748,10.217798234,2.70068119136
2000-03-13,-2.60551802063,8.32322356541,10.5058621498,3.34011362814
2000-03-14,-2.37292171743,10.0083954624,9.2416911988,5.16691154149
2000-03-15,-1.96235908103,9.29654563503,9.13475558752,4.83040174991
2000-03-16,-2.54049231931,8.93721118348,9.93606068982,4.08055926083
2000-03-17,-2.94676537473,9.35386570688,9.71551897416,4.12989589907
2000-03-18,-3.80255836871,9.10012252079,11.0719107051,2.09579850798
2000-03-19,-5.39918850222,9.76756667925,11.4052529201,1.08236935654
2000-03-20,-4.90489755365,8.89427433933,10.9682292176,0.406190204329
2000-03-21,-5.89032928651,9.1877975594,10.364354415,2.25836089764
2000-03-22,-6.11330384265,7.59422997525,12.3308923525,2.26543412854
2000-03-23,-6.21866987093,9.36456694545,12.7092044648,3.30473674225
2000-03-24,-5.40184396597,10.035561594,11.9435462285,2.12094867474
2000-03-25,-5.49560471216,11.2206094723,13.401484818,3.68339046751
2000-03-26,-5.84496862761,10.6541932724,12.1291295317,3.84115572475
2000-03-27,-6.17570948215,12.4143771508,11.4286923637,3.77916500024
2000-03-28,-7.21925441532,13.5094257088,10.5318440231,4.42696932913
2000-03-29,-5.85646818557,13.5275668826,11.8534099112,6.84282510324
2000-03-30,-6.65551345673,12.5180533371,10.4093520736,7.47229911643
2000-03-31,-4.3848984529,10.4315365699,10.662580372,9.17758678398
2000-04-01,-2.98451134137,9.27786548582,11.2147004449,10.9780889177
2000-04-02,-2.11788457477,8.413149262,11.4167003503,12.648656118
2000-04-03,-1.32718416541,7.90375756459,11.6012582231,11.8027134899
2000-04-04,-2.33216136814,9.9010546168,12.413575095,12.9730343605
2000-04-05,-1.75672261812,10.7990767823,12.5315195525,13.578684515
2000-04-06,-1.5806771921,13.079000038,12.3275144065,15.8166370083
2000-04-07,-2.45891277821,12.1024942937,11.5347518814,16.3822498106
2000-04-08,-0.986449113665,14.3023856304,10.6995296321,16.9086317671
2000-04-09,-2.5548885638,15.0309561014,9.82708740026,17.3402241
2000-04-10,-4.22079964124,14.7812722921,10.1341554926,15.9302692422
2000-04-11,-5.13747371937,13.3347668824,9.96495246653,14.9631925184
2000-04-12,-4.73879751023,13.0389839599,9.21626035723,15.3937661822
2000-04-13,-5.40348260299,12.7565773059,9.33874987309,14.6549396952
2000-04-14,-7.24256325917,13.4200042462,9.46354766629,13.2584770713
2000-04-15,-8.01430277343,13.985718236,10.1466611171,14.0694582726
2000-04-16,-8.5242277923,14.3984476831,9.94078174462,15.0244004176
2000-04-17,-8.13941931041,13.6317926224,10.4415812194,15.8637220737
2000-04-18,-9.85322122306,12.7350060908,10.8619249256,17.3552830652
2000-04-19,-9.95180672604,12.6654811408,10.5229818954,17.3233247496
2000-04-20,-10.5403621862,11.9047218276,10.2815383997,18.1576041788
2000-04-21,-12.1283427944,13.0578873151,10.8738962701,18.3520275862
2000-04-22,-12.4852295658,13.3837649949,11.9480005625,18.2621352913
2000-04-23,-12.6080030032,15.7561841267,12.4039171066,17.8982245332
2000-04-24,-12.8480155808,15.0108845336,11.8101485133,17.6808285383
2000-04-25,-12.6844637269,13.1665257736,12.2161717564,17.0370411266
2000-04-26,-11.5838828574,15.546428514,12.4711507572,15.3738943009
2000-04-27,-12.1421399365,15.7624974691,12.5195731523,16.3591948616
2000-04-28,-11.6671832426,15.1020834579,13.6645687776,16.1303484557
2000-04-29,-12.2486711335,15.6180675846,14.1937077019,17.7942866307
2000-04-30,-12.7466787483,15.2105011954,14.1454787962,18.8692053407
2000-05-01,-11.8393857805,15.2539242415,14.7479106331,18.0883741269
2000-05-02,-10.9271170026,15.1298012561,15.489022419,20.38356238
2000-05-03,-10.3874492387,16.1990103816,15.2381132541,19.1079005151
2000-05-04,-8.61966872493,17.1478102448,15.3039144044,19.0708722919
2000-05-05,-11.0450227254,18.6725354034,15.8198870225,19.3469590271
2000-05-06,-9.68175364205,18.5102482492,15.4533377657,19.1822414728
2000-05-07,-11.4134622046,18.0975011711,15.3092273189,18.7382935115
2000-05-08,-10.4882225423,18.1590089179,14.0406988297,17.5419482525
2000-05-09,-11.9779456114,18.9311417536,15.9772542613,20.3912632087
2000-05-10,-11.1806467826,20.1015994314,17.2720274022,21.3901266683
2000-05-11,-12.6967164718,18.7001473348,16.4533641456,21.2872290164
2000-05-12,-12.3979337367,19.3534387667,16.1098548845,22.5554468015
2000-05-13,-13.9986325541,20.0274878576,16.180263206,24.6484611375
2000-05-14,-14.0925538154,19.0210415943,17.102291054,24.8388031414
2000-05-15,-13.5698509789,21.313020615,17.854360505,24.7434548662
2000-05-16,-10.8379758054,20.7124161071,17.3237523806,23.3789968297
2000-05-17,-11.4438591595,20.6084328533,18.7690266051,20.8411228905
2000-05-18,-9.80616450035,19.9335984191,19.3203352911,21.6640934125
2000-05-19,-10.2698702711,19.8670157366,21.508567779,22.0605396224
2000-05-20,-10.3744681457,19.0515980694,20.6161063123,22.5176496193
2000-05-21,-10.8288385897,19.3344738859,20.677769359,22.7406958503
2000-05-22,-9.8150453408,19.3107562711,20.0175367143,21.8621878714
2000-05-23,-10.9709361872,19.5409555824,19.7049722238,21.6208619454
2000-05-24,-10.0246217477,19.1498189165,20.4122696378,22.5202985208
2000-05-25,-10.990875674,17.6849829418,19.6010546301,22.3377659676
2000-05-26,-11.1706782757,19.3509557669,21.0056335319,23.2824947166
2000-05-27,-12.0707578098,19.5040990032,20.585980984,24.106445365
2000-05-28,-12.8447321468,19.9007607298,18.8746565923,26.4277666718
2000-05-29,-13.6729218319,17.8977718339,19.5110148101,26.5391915733
2000-05-30,-13.4212876596,19.9382689725,21.0775465837,25.9711625579
2000-05-31,-13.7539858812,20.0934951219,21.4744418382,25.6707428829
2000-06-01,-12.6308879868,20.7600317504,20.611725375,26.9856566971
2000-06-02,-13.3580556627,20.8282350467,21.4182754771,27.5294903521
2000-06-03,-13.1054316183,20.3128156898,21.1081001652,28.4560430296
2000-06-04,-11.4604812958,17.9695877567,21.0603101453,27.6951467669
2000-06-05,-9.90594386623,16.8181529949,20.9056385508,26.7059856427
2000-06-06,-8.07662714974,16.2358244247,22.2309544486,25.6141170689
2000-06-07,-7.76973114743,14.7829545728,21.4680005768,26.466941685
2000-06-08,-7.5267559262,12.7456385211,20.8776403979,27.060428036
2000-06-09,-6.4059639103,11.1805147249,17.9694294808,28.6571307687
2000-06-10,-6.07862806056,11.0491755091,17.5852483646,28.360616475
2000-06-11,-3.15749418683,11.3777811015,18.3718426814,28.2839779451
2000-06-12,-2.00811306689,12.7826924248,15.859210893,28.2316302519
2000-06-13,-2.94542003276,13.2740725069,13.5393828553,28.3000877413
2000-06-14,-3.71400584086,13.2176395899,13.1757842399,29.4675833871
2000-06-15,-2.43735448961,13.2020039968,14.4701289157,30.9315045176
2000-06-16,-5.12189036458,14.4809713793,13.8363403874,30.8552845099
2000-06-17,-5.36028688135,15.1725268135,12.3410786342,29.7159232986
2000-06-18,-5.57564553982,14.9903745549,13.0090767121,30.617491935
2000-06-19,-4.87064080131,13.9975645711,13.9166480581,31.7184722648
2000-06-20,-4.47739886338,14.3176657479,12.9635037791,31.2194097027
2000-06-21,-2.84725348052,13.4404314201,12.2781311784,31.5815806034
2000-06-22,-2.3571380007,13.7198746808,11.2604896008,30.9201961947
2000-06-23,-4.10421281379,15.5553849477,10.3141980449,30.4490914791
2000-06-24,-3.50196696618,16.1486261743,11.7158366855,29.335876606
2000-06-25,-4.11081925278,15.2043963896,11.5966200799,29.8389313626
2000-06-26,-3.74624437598,13.3150151959,10.7281274393,32.113218836
2000-06-27,-3.63773281433,13.5537979796,12.1658914564,32.3143520096
2000-06-28,-3.76837721478,12.9008803934,12.5925946053,32.8252698534
2000-06-29,-1.56868992777,11.6577448412,13.7032087414,32.9725397574
2000-06-30,-2.38294780441,11.9260640737,12.9629356355,34.081178443
2000-07-01,-2.74734522619,14.1732134629,13.9300365115,35.3474633859
2000-07-02,-3.53664291584,14.4590734335,14.4871044018,34.8157969866
2000-07-03,-3.5808443965,13.4557282437,14.5264303061,30.9505781971
2000-07-04,-4.10764313524,14.2251701709,14.8839180805,32.9749361809
2000-07-05,-7.01371415272,13.8852818895,15.2282144883,33.5244331757
2000-07-06,-7.07861797532,14.5367423181,15.5468516041,33.432737158
2000-07-07,-6.95016901944,17.1985616366,15.9923069038,32.2648666596
2000-07-08,-5.67644689703,17.1063222325,16.3003505323,32.31029383
2000-07-09,-5.00537021121,16.4907956669,17.3419231785,31.1413311148
2000-07-10,-5.03942921608,17.1952185995,15.6295063827,30.7169040378
2000-07-11,-4.23010895919,17.5682684495,17.595787116,29.7351659243
2000-07-12,-3.27317984879,17.3738292472,17.8762844099,28.9290001914
2000-07-13,-3.09688852681,17.5790757015,16.2222318044,29.6703499893
2000-07-14,-3.96433588664,17.898784146,17.3995389237,30.1860288776
2000-07-15,-4.5227545357,19.6002026637,17.435978896,29.5200734426
2000-07-16,-4.68540285968,19.2522097534,18.69273438,29.6179863346
2000-07-17,-4.67640082785,18.8702080927,19.0903605347,28.645953305
2000-07-18,-4.91076557921,18.3621892939,19.4398398427,27.8600124603
2000-07-19,-5.22654803634,20.9366382903,19.3589857746,28.9608231103
2000-07-20,-7.2174504786,19.8979368093,18.6095085298,28.0349252494
2000-07-21,-7.24975098718,20.317793367,19.0748379121,28.7866842961
2000-07-22,-5.65187611786,20.4258728495,18.4361829686,30.1400210788
2000-07-23,-6.35447839732,20.1945045414,18.8534450381,29.599195543
2000-07-24,-6.40192023679,19.3992301173,16.6772906757,28.710856363
2000-07-25,-7.59365197615,18.8800305683,16.0530340777,28.1247892354
2000-07-26,-7.21491320249,18.6595013973,16.2538249631,27.6339701903
2000-07-27,-6.183271257,19.2312887651,16.5875885977,27.6502376493
2000-07-28,-5.88480785993,19.0963547483,16.6705194616,26.2012717955
2000-07-29,-5.17497828033,20.5075522611,16.4396691903,26.8352300093
2000-07-30,-5.51660125885,21.7897034409,15.3720301074,27.3564792355
2000-07-31,-5.27519158586,21.4097971562,14.5148861033,29.1367927596
2000-08-01,-5.15193600177,20.0565880386,13.3568419016,28.9516629799
2000-08-02,-4.37265006432,20.7992697809,12.8675804172,28.8844788448
2000-08-03,-5.5157857812,19.672658466,13.461665976,27.6245764151
2000-08-04,-5.62317361652,21.1993417326,13.6682916729,27.2105084605
2000-08-05,-5.20177146499,20.7863274623,14.3353616612,28.1261956354
2000-08-06,-4.60027637099,20.5901941888,15.3056160196,25.8810145264
2000-08-07,-5.13398207465,19.8019160483,14.1625765213,25.0075842618
2000-08-08,-4.63251647683,19.93934,14.5805184414,23.845137339
2000-08-09,-2.51439458683,19.7861867498,13.5598415963,24.8023233271
2000-08-10,-3.82454841753,18.0454054772,13.9556610035,23.5100967898
2000-08-11,-4.51495550454,18.4679431106,14.7566299747,24.7104860652
2000-08-12,-4.15746967542,20.5382330388,16.5702045986,24.3622329775
2000-08-13,-2.1715872585,19.9622459473,17.1885798552,24.3877530738
2000-08-14,-1.04176533007,22.1107638544,18.5026227858,24.0334047643
2000-08-15,-0.273839979312,22.8987202198,16.8019478822,24.0325194551
2000-08-16,-0.551605604843,23.7204547298,18.0541664808,25.4302452827
2000-08-17,0.17121595243,24.0900014804,17.4362776985,25.3762854883
2000-08-18,0.22282850896,23.3851551451,18.7766302981,26.0987242981
2000-08-19,-0.817520273898,23.176594829,17.8443852754,24.5301640416
2000-08-20,-1.25134302782,23.2010485711,16.6965386737,26.1236728968
2000-08-21,-1.47426101099,22.9844897045,16.7873565848,25.9671744865
2000-08-22,-1.53547940152,25.3114992731,16.9320965028,27.9238377214
2000-08-23,-0.788318784827,24.8787513123,17.1225157783,28.148976769
2000-08-24,-1.25713914849,24.4489866588,16.4723264214,28.4135215016
2000-08-25,-1.00929631766,24.6444026243,15.7607006017,27.1976009513
2000-08-26,-1.2549210705,25.1272068526,15.1370630576,27.1080088366
2000-08-27,-2.47090360168,25.0669367882,16.1479366373,26.8284168189
2000-08-28,-4.78079087417,25.983839862,16.1089691723,27.5226159276
2000-08-29,-3.53801222034,26.8314694235,16.3044075264,26.1242746649
2000-08-30,-4.62013156983,27.1142858835,15.7659196532,24.2824193149
2000-08-31,-5.10116569118,26.0194852527,16.6171405468,24.7867707453
2000-09-01,-6.24843846229,27.6522015138,17.2926708608,23.9560179269
2000-09-02,-5.9454647231,29.1140587365,18.034526456,22.4896072079
2000-09-03,-6.80813234659,27.8437802579,18.203681385,22.3954946585
2000-09-04,-6.23981239493,26.7957066425,19.6430035639,21.3406523752
2000-09-05,-3.87002683013,25.7585367771,20.4547554759,22.8965012681
2000-09-06,-4.24566403592,23.2854405139,22.4766948199,23.8908808726
2000-09-07,-3.7895123672,24.1304432758,23.1827390091,24.454006585
2000-09-08,-5.51535402561,23.7723265298,22.05918827,22.7681550447
2000-09-09,-5.44300428111,23.6260991141,22.1871377533,21.2908499916
2000-09-10,-6.941921419,23.5118806659,22.5149121014,21.4711121005
2000-09-11,-8.34299362044,23.3614434833,23.2718183177,22.8058571711
2000-09-12,-9.36037378208,22.0994157806,24.2915366918,22.9714029049
2000-09-13,-8.66470461056,23.2317400994,25.7372227464,22.4071980588
2000-09-14,-9.94957034108,23.7184556817,25.6122941215,22.7278907768
2000-09-15,-8.71698333011,24.6486736891,25.8809068322,22.6199743911
2000-09-16,-7.49840111867,22.6918295259,25.39642336,23.6830808522
2000-09-17,-6.79346242638,22.167869071,24.5128588657,23.2682464998
2000-09-18,-7.94091952525,21.0366661033,25.1094288398,23.3143898671
2000-09-19,-8.33958644665,21.5582653673,26.6863230301,21.862066626
2000-09-20,-8.51139520739,22.1134318887,26.4594252653,20.4117305542
2000-09-21,-8.43087482688,23.1713117116,25.9504056099,20.4720286061
2000-09-22,-8.56125065294,21.1418256688,23.9210048147,20.7631695904
2000-09-23,-7.87201889006,21.7435783226,23.7260778265,20.0669487239
2000-09-24,-7.2025196952,21.4726229793,22.3442360191,21.2775275076
2000-09-25,-10.107301521,22.1319298061,23.0388572816,20.9005374627
2000-09-26,-10.3745887339,23.5823702233,22.0985503786,22.5287783522
2000-09-27,-12.2040130478,24.1735886859,22.6363049526,21.9509567523
2000-09-28,-10.8364933928,25.4102994073,22.5836173574,21.587002569
2000-09-29,-11.1024394558,26.3746955345,23.3020737075,23.7447897981
2000-09-30,-11.1372356611,26.1226680012,22.9436024909,24.6459427601
2000-10-01,-11.27712078,26.215104198,21.8612762328,25.755755301
2000-10-02,-10.1851989319,24.5957937808,22.8517035288,23.9588799448
2000-10-03,-9.59389358927,26.7110136768,23.1218452595,24.1866009365
2000-10-04,-10.153886046,26.1703332108,24.716117154,23.7889880627
2000-10-05,-9.86488642194,25.8874676902,25.027148578,25.2224204907
2000-10-06,-11.1202345492,26.3786598862,25.1429867667,24.13692698
2000-10-07,-10.8498110693,25.8141627661,26.2000813396,25.168011034
2000-10-08,-8.75492848481,26.4124625566,28.88998498,24.8529170791
2000-10-09,-7.40926639815,27.5649900267,29.2078650898,24.0704706799
2000-10-10,-8.25808217019,27.2858663956,28.0591304082,23.3739280765
2000-10-11,-8.88984581273,27.2091230172,26.1870276529,23.6473567097
2000-10-12,-8.0434154381,27.7313067362,26.6283978009,24.8138895392
2000-10-13,-8.8345767988,27.3573764726,26.2534030549,24.1705131908
2000-10-14,-9.29062897533,27.1340801772,25.6359263097,23.4677805287
2000-10-15,-9.01733482183,27.6710595633,24.9195134685,23.6602016308
2000-10-16,-9.02089092355,27.8376120776,26.3795680412,25.2100873289
2000-10-17,-8.12170272294,28.6287761321,24.9411412754,24.0436866387
2000-10-18,-7.30356641363,27.6777555939,23.7680964277,24.7871957761
2000-10-19,-6.97946568758,27.4081247323,22.1139599911,25.1061039854
2000-10-20,-7.18234213281,27.1912282745,22.9754224861,25.76493798
2000-10-21,-7.60001055915,28.675305825,23.3322160898,26.1356395116
2000-10-22,-6.49213215647,28.8930419218,23.0925200702,25.0178176039
2000-10-23,-6.75645681869,29.0303184349,23.0095485621,25.622631055
2000-10-24,-7.54294607643,27.9653050898,23.3983720294,25.3085466329
2000-10-25,-7.26075826672,27.5681198569,25.3616895564,25.9312345051
2000-10-26,-6.96277654627,25.2276637944,23.7328935008,23.6824617021
2000-10-27,-6.27005897314,26.1379793161,26.1473916219,22.2099673817
2000-10-28,-3.08101098455,25.8936985343,25.3775622913,21.0915951765
2000-10-29,-3.14940947486,25.5561121252,24.5965207534,21.2691363869
2000-10-30,-3.51375353178,25.8365918568,24.2030941536,22.1632210748
2000-10-31,-4.53094477998,24.8398523508,24.2459283078,21.0973616862
2000-11-01,-2.47610547358,25.6099211197,24.3123999229,19.2721072761
2000-11-02,-3.68216627143,24.0019394876,23.9051984943,20.0863857901
2000-11-03,-3.03591803977,23.7796703654,22.9680488073,20.5400964603
2000-11-04,-2.87712607396,24.2933159053,23.4422882138,20.9656888175
2000-11-05,-1.64306072285,24.7635596232,22.8869553716,20.0630522044
2000-11-06,-1.05443019982,23.3738009117,22.6521916797,21.60670612
2000-11-07,-0.671857286258,23.6996386676,21.4611212545,20.5514210061
2000-11-08,-1.92901203169,22.1859142359,20.6358127902,22.3369398973
2000-11-09,-1.15342857763,22.410762184,20.6009975466,22.3159599901
2000-11-10,-2.45917155198,21.0516989046,19.4931113866,22.8247404217
2000-11-11,-2.50165777503,20.3356698709,18.1086980792,25.0200482334
2000-11-12,-3.3443352728,20.1622768569,17.5181673889,23.9325685023
2000-11-13,-4.26374753971,19.6843314825,18.1913470948,24.3696058226
2000-11-14,-4.77444746384,19.9146806841,17.9485633227,26.7037045676
2000-11-15,-5.22806523572,18.4844362038,16.5180773345,25.8246185237
2000-11-16,-7.71730117609,17.4326981824,17.3014397896,24.8805232547
2000-11-17,-8.77383038736,17.3529043875,17.7924472443,24.641828246
2000-11-18,-9.39490493155,16.0497470984,16.908867433,22.8145119902
2000-11-19,-9.56296001629,17.4650105516,15.5231966331,23.6250332866
2000-11-20,-8.66011601116,18.3093180741,16.905304418,24.2420279841
2000-11-21,-7.43628551075,18.3387788226,17.0676291358,24.9589076461
2000-11-22,-8.33945768075,19.2661764573,17.5740475997,24.9229052024
2000-11-23,-8.89750060878,17.01951372,17.9518670371,22.8208938122
2000-11-24,-7.78415684817,17.0866144171,17.3617620479,21.7792025161
2000-11-25,-7.65433907352,17.3709937194,16.6028785296,21.2390655796
2000-11-26,-7.65402340343,16.9236855859,17.5540701236,21.7790513969
2000-11-27,-5.36465014362,17.1463866714,18.0001886144,22.5201939798
2000-11-28,-6.12918472478,16.1552242464,18.259024938,22.4906024331
2000-11-29,-3.47717005558,17.139763835,18.2397670903,22.5985818286
2000-11-30,-5.51978883498,18.4957676905,18.306520235,22.0469834158
2000-12-01,-5.11320792777,17.7176749248,18.3365570018,21.9393581827
2000-12-02,-5.65531263738,17.3669117209,19.4010698204,20.8896492678
2000-12-03,-4.18776617293,16.7895177628,20.4788800406,20.3419447559
2000-12-04,-4.22993350231,17.4101220189,20.051177087,20.9442532297
2000-12-05,-3.42875680981,17.4919196646,20.6686742947,19.6142024991
2000-12-06,-5.32748175342,18.2095030501,22.1502306068,19.1322785163
2000-12-07,-4.66488345471,16.9051485841,19.6696348196,18.8210426493
2000-12-08,-4.13172482981,18.6788502202,19.902894402,18.3781226412
2000-12-09,-5.05545096666,18.8881746945,20.4841156974,18.5223079862
2000-12-10,-4.61741163622,19.4373916432,21.452937945,18.9571156352
2000-12-11,-4.47498711248,18.9496680312,21.2939063048,19.1672655537
2000-12-12,-4.16983823043,18.307725386,21.8932251354,17.6384156038
2000-12-13,-6.34109527548,16.0155159998,23.7867764208,17.4638865358
2000-12-14,-7.91885034503,16.8956583471,24.0597771105,17.0357352195
2000-12-15,-7.93038479605,16.7906664425,22.4869232115,17.0674927003
2000-12-16,-7.77642486284,17.4181067787,22.6594058501,15.3744251765
2000-12-17,-8.07087701233,19.3052803799,24.4335232803,13.6777470928
2000-12-18,-6.91141603813,18.6272340268,23.8311921221,14.2938614958
2000-12-19,-6.04929487627,18.1824792406,25.2219829,13.9035485456
2000-12-20,-6.23621609519,18.3748419323,25.6969876451,12.2760759507
2000-12-21,-6.23570058985,18.2784744437,24.6360805949,12.5303020964
2000-12-22,-4.67341878277,19.1733217464,23.8328797857,12.686247906
2000-12-23,-3.89368886021,18.950268028,23.3134450695,13.1660562474
2000-12-24,-4.57000103611,19.1565331855,24.5235249406,12.8030758959
2000-12-25,-4.13367840919,20.0415224547,24.2935008802,12.078058474
2000-12-26,-4.86538383956,18.9323312528,23.1826892303,11.3673685288
2000-12-27,-6.02712412802,19.5342890065,23.0671845175,12.3628517194
2000-12-28,-5.74630322785,19.5279209095,22.1834305734,11.0199935201
2000-12-29,-6.72488658976,18.4239701499,22.7099033789,10.0356171523
2000-12-30,-8.94079738845,17.3628285902,22.3229859229,9.47150062444
2000-12-31,-8.25493253827,16.7739396645,23.4914676852,10.2766125869
2001-01-01,-8.44488596521,17.1706076329,23.619155664,10.0011377255
2001-01-02,-10.8994197599,17.2857328976,22.7268480384,10.5582069508
2001-01-03,-11.4264598056,15.510147959,22.5888739874,9.60400786618
2001-01-04,-12.5402636481,14.8351629644,22.4119799335,9.59336811042
2001-01-05,-12.7832881654,14.0495051577,20.7134143073,9.31410947482
2001-01-06,-13.2901860141,12.2171378018,19.729202903,10.060060557
2001-01-07,-13.6653148239,12.469535319,19.1043969835,11.3570737933
2001-01-08,-15.3176353062,13.352779808,18.141665515,12.6345430452
2001-01-09,-16.0053437276,12.3430104107,17.8830595914,13.5711862764
2001-01-10,-17.4223594941,13.0315014336,18.2616211223,15.4619787294
2001-01-11,-16.1576465559,12.0101886641,18.5471352036,15.7065132966
2001-01-12,-15.8760388306,12.6388718092,19.5015109127,16.1525381997
2001-01-13,-14.8610076023,13.0451938116,18.3422408281,15.4118145892
2001-01-14,-15.8584920658,13.6607625253,18.771599403,15.5229263488
2001-01-15,-15.6626859116,14.2041070823,19.2292423326,13.6399139385
2001-01-16,-13.7345801882,13.0131697397,19.4019047348,12.7894091251
2001-01-17,-12.3260661614,12.298789677,19.405322347,13.6807435987
2001-01-18,-12.4914947721,12.0561260624,19.0956971633,14.4923918645
2001-01-19,-12.3070705463,13.9949881829,18.099727554,13.3740608486
2001-01-20,-12.6411103022,12.3971922588,18.6598777691,12.7203085383
2001-01-21,-13.3986759786,12.3131688764,18.9737121232,12.4614618446
2001-01-22,-14.4137233702,12.2504558142,19.8886518388,11.5758673695
2001-01-23,-14.2568592706,11.4021478419,20.5560828015,10.6163057926
2001-01-24,-13.3285688339,11.0718730047,19.8760146842,10.1385514041
2001-01-25,-12.297150463,10.451989008,18.6259270667,10.7949065969
2001-01-26,-11.1302333827,9.17270484322,19.1164399168,8.20506239175
2001-01-27,-10.5715042112,10.1360050046,20.3960365016,8.25713160918
2001-01-28,-11.068527668,12.7021622356,18.6231253078,7.47081581185
2001-01-29,-12.3496769324,11.8383435007,18.9943114044,6.2945076734
2001-01-30,-12.0990515655,12.7141687778,18.4039190895,6.79631153713
2001-01-31,-12.8288117268,11.6526830015,18.3029042523,7.36770098106
2001-02-01,-13.794456159,11.9937788852,18.2102395297,9.16107710949
2001-02-02,-14.732116112,11.9331516269,18.7703872088,9.35989380647
2001-02-03,-15.966265391,12.6640967225,20.1753742959,8.0955515685
2001-02-04,-16.5010331897,13.159204603,18.829571882,10.646588632
2001-02-05,-16.3095875084,12.6075565,20.2150614104,11.0064587524
2001-02-06,-17.050751865,12.0205542118,20.640291165,9.19860508771
2001-02-07,-17.5902309033,12.548919466,21.0442134536,10.5290308211
2001-02-08,-17.685481364,11.8949727209,21.0399873592,10.6262654594
2001-02-09,-18.6133788952,12.1156241437,22.657783979,12.1175318945
2001-02-10,-16.9624189775,12.3733343334,23.2819708522,12.8324028695
2001-02-11,-17.0669108789,10.9604911113,22.1869931419,13.2791999072
2001-02-12,-15.996990267,9.65194030096,21.8715225551,12.4649230707
2001-02-13,-15.6086445718,8.57607465744,22.0930334485,10.9037619192
2001-02-14,-16.7146641347,8.6950678325,22.9120714729,11.2910599894
2001-02-15,-16.5702413014,7.06470523549,22.4122790745,11.0524326036
2001-02-16,-14.8140720086,8.1407527104,22.5429767682,10.686878466
2001-02-17,-14.1192273835,8.85609113949,23.1343653551,11.9257854608
2001-02-18,-13.4007932117,8.5571033472,23.2292249907,11.2599653412
2001-02-19,-13.6385406877,8.60609425523,22.4447102609,13.1644227941
2001-02-20,-13.4126828259,8.4281660364,23.1297972622,11.9669662127
2001-02-21,-13.8095152525,7.75998932143,23.0473046585,11.3284198897
2001-02-22,-14.713559097,8.31930851588,24.8439916562,10.5425496101
2001-02-23,-13.3628156058,9.08763377099,22.8384178792,10.3056609606
2001-02-24,-11.4189273944,8.28912062086,23.0626809316,10.8038513972
2001-02-25,-11.5936147819,7.6147567681,23.1738835264,8.53212828504
2001-02-26,-9.72893418364,5.44007002069,23.0750913843,8.91521393034
2001-02-27,-9.30518597835,6.24541897387,22.3742757801,9.52169032978
2001-02-28,-9.87380769187,6.88571194657,22.0538737174,9.63091882067
2001-03-01,-10.7837161562,5.85703516855,20.5688275142,8.43693646192
2001-03-02,-9.50638604724,6.87267517377,20.652728713,9.39877788728
2001-03-03,-9.8576549194,7.82219595206,21.9327702312,9.25624891993
2001-03-04,-10.8896961079,9.31160868027,22.5324883663,8.88548856596
2001-03-05,-11.7427295094,6.72832438351,22.3486007733,7.34605423143
2001-03-06,-10.5130647553,6.63818413095,23.0730391349,6.3107913575
2001-03-07,-10.314933338,7.23819081692,22.4320014245,8.57901162403
2001-03-08,-10.2222436542,8.04103792632,24.8260515365,8.2873693734
2001-03-09,-9.72739055813,8.20841111398,26.3089695673,8.20610164965
2001-03-10,-11.4719821032,8.24516707767,26.4543251565,6.6992492057
2001-03-11,-10.8114630677,9.07869070243,26.356807065,6.03450287441
2001-03-12,-10.1396716225,9.7580970196,26.5373461301,4.34012426835
2001-03-13,-9.50810413979,9.55044277814,26.3754336095,6.65618354099
2001-03-14,-9.75182006784,8.54520881569,26.8301372737,7.66952572986
2001-03-15,-8.16291613432,8.25178381881,28.6721634256,5.87826017931
2001-03-16,-7.18708093318,9.47450632797,27.3068543083,5.25966670172
2001-03-17,-6.45938001593,9.37979443383,28.6377065196,5.51777893131
2001-03-18,-8.2123219474,7.9165129101,29.4215837455,4.11550715601
2001-03-19,-10.2987152764,9.57676386674,28.7568691778,3.10213674731
2001-03-20,-11.4348671213,9.42399566202,28.6289278436,3.92023685013
2001-03-21,-11.0834164933,10.0684832058,27.0639783544,4.67842011397
2001-03-22,-10.0262413279,8.50143473477,27.4496205326,5.86407383431
2001-03-23,-9.89122468109,7.94995037167,27.0385486902,6.08420986403
2001-03-24,-8.55377887151,6.30884532189,27.0220537429,7.62823538288
2001-03-25,-9.39255150128,7.87736519374,27.1143534804,8.4424255681
2001-03-26,-9.59955963777,8.36736675789,27.3594152111,8.91711207134
2001-03-27,-9.6686835832,9.71679818306,28.344439373,8.73924786077
2001-03-28,-10.4744030023,10.490911112,29.1974377743,7.1217691226
2001-03-29,-11.5351056619,10.6726178727,28.8664459107,5.44362160209
2001-03-30,-10.7712166533,10.4878351301,28.4788976928,3.82269968649
2001-03-31,-12.4994278731,10.7603066573,29.9186797047,3.66810446466
2001-04-01,-12.9890924148,12.5874617901,30.181473577,4.1736981148
2001-04-02,-12.7783709723,12.6612032638,29.8774627657,3.84190230706
2001-04-03,-13.3967054691,13.5591718649,30.2083904002,4.96516786753
2001-04-04,-11.332880931,15.35288272,30.2751910513,4.99287153715
2001-04-05,-10.1421345366,14.7063411078,30.2810382954,4.63999316345
2001-04-06,-9.05217764345,15.691646663,31.6001282095,5.70778692352
2001-04-07,-9.72770881985,14.611609256,31.6792703467,5.87077199911
2001-04-08,-9.78111277488,15.1764622167,33.1726901603,5.45900895313
2001-04-09,-10.9234510863,14.9445379099,33.0821737812,5.16453055542
2001-04-10,-10.6405951747,15.1940098373,31.6840528235,5.76856845268
2001-04-11,-10.3405317176,14.4580742667,31.4869927404,5.79662014112
2001-04-12,-10.5383205087,14.1722563748,32.5723596084,6.36686772958
2001-04-13,-11.5951342171,14.9130731671,31.2934579036,6.93717531717
2001-04-14,-13.0571576521,15.7346645758,29.3161694832,7.45984511067
2001-04-15,-14.8298979167,16.5507050694,29.556640221,8.81615458708
2001-04-16,-15.1164821902,14.6647828579,30.5029534268,8.27500552336
2001-04-17,-15.0034323055,13.7768768941,29.1414820011,7.33753754711
2001-04-18,-15.6219415292,14.6505938671,29.4741441789,5.44171729014
2001-04-19,-16.8811008805,14.7326197424,28.4167820191,3.25743119055
2001-04-20,-17.5745698237,14.1769000146,27.8354841933,1.22219351398
2001-04-21,-18.2646883767,13.6037397214,28.2955090005,1.45841427112
2001-04-22,-18.6596207875,14.4357964908,26.5568084609,1.46968507691
2001-04-23,-19.9383542185,14.4491644563,26.4030390072,1.46501365571
2001-04-24,-19.5604008589,14.8477776117,25.847374792,1.34350752679
2001-04-25,-19.4621165303,15.4304293848,24.4081851233,1.16131820301
2001-04-26,-19.3325730706,16.7006256477,24.2612162633,-0.543758351054
2001-04-27,-17.6915845123,15.9648988048,24.391935216,-0.974306599921
2001-04-28,-17.282488489,16.0571734025,26.7190988019,-1.52217145899
2001-04-29,-17.0807766592,15.4024185686,27.2638068485,-1.7319417719
2001-04-30,-16.8921080967,15.1874632583,25.7667702426,-4.66026146975
2001-05-01,-17.8763651,15.722405309,26.5790293047,-4.55012946267
2001-05-02,-16.7760555481,15.3435792863,26.2995790153,-3.16715729002
2001-05-03,-16.1688018465,14.2709698027,25.8771905466,-5.12496082198
2001-05-04,-15.4993994735,13.1043371302,27.6511278202,-4.39870551493
2001-05-05,-12.7605261263,14.2490563413,29.0234117789,-4.26150629097
2001-05-06,-12.7643087036,13.971812089,28.7923588713,-5.73096636943
2001-05-07,-12.3817309862,14.0576496393,28.1310114847,-6.84662964276
2001-05-08,-12.5619657057,14.0347068083,27.3014611285,-7.62019583921
2001-05-09,-14.8857319775,14.5219654232,27.2606526249,-9.39603681514
2001-05-10,-15.1129443018,14.4186891616,25.8566289079,-8.4722189876
2001-05-11,-15.4642873969,15.7470666665,23.8103425037,-7.32327104253
2001-05-12,-15.0578341865,16.2807623555,22.5188901413,-7.33037283908
2001-05-13,-15.2707840669,16.8944784323,22.2133150138,-7.79042965874
2001-05-14,-15.2120399458,15.9798272347,22.1927619599,-7.81297529911
2001-05-15,-13.837186063,16.6099113887,21.4160853674,-8.9264610251
2001-05-16,-13.2961787122,17.4494833141,21.5701843233,-11.5415521158
2001-05-17,-14.1017198897,18.5945323586,23.8822247836,-10.4808221544
2001-05-18,-15.5878782464,18.9624475383,24.9241269659,-11.9437103389
2001-05-19,-15.7396742708,16.9329037417,23.3147049704,-12.4304181985
2001-05-20,-16.1298132997,17.4056857822,23.6976290046,-13.2494326493
2001-05-21,-16.0120132831,15.9508973031,24.9246277632,-14.3601083439
2001-05-22,-15.8097872449,17.5222282708,25.086866079,-14.6608380411
2001-05-23,-16.244956043,16.7601168859,23.8029840215,-15.7606692564
2001-05-24,-14.9707853,17.3151127497,23.7193731325,-14.5809345289
2001-05-25,-14.7935769829,16.3273038661,24.3951031136,-13.0391113916
2001-05-26,-15.0163265275,16.1620930243,22.8425058932,-14.0824234923
2001-05-27,-14.6517286596,16.0996378996,22.0485677656,-14.1216504853
2001-05-28,-15.5661039543,15.2660590005,19.9767646058,-13.8286817165
2001-05-29,-17.3575121055,15.1345038555,20.4498325658,-12.8623866199
2001-05-30,-17.060601033,14.0618979128,20.342606516,-12.080966394
2001-05-31,-15.3435252447,14.5054503832,20.7317863972,-12.3800349525
2001-06-01,-14.6511110628,14.1020967748,20.5573839033,-12.3415690034
2001-06-02,-13.4654501176,13.9673001996,20.4376175719,-11.7806393674
2001-06-03,-14.064992025,14.085986021,21.0553364145,-12.7073823401
2001-06-04,-15.6530241486,12.8734745931,19.3581028294,-11.8529248684
2001-06-05,-14.4439166099,12.5410603478,20.9862551175,-10.3978597857
2001-06-06,-13.7948798213,11.829052892,20.5173775657,-9.1495571611
2001-06-07,-14.0860179398,12.5057777522,19.8130412777,-9.87563479633
2001-06-08,-14.3531211487,12.3048893533,19.851140978,-10.1605927404
2001-06-09,-12.6058437019,12.8125217645,21.8963706682,-9.40508729029
2001-06-10,-12.9420708634,13.9947021949,22.1933460093,-9.84769611509
2001-06-11,-15.6130989503,13.3792048819,22.6166407608,-9.7996404261
2001-06-12,-15.931263109,12.3308260075,23.4220295457,-9.85792113705
2001-06-13,-16.4391226138,14.5728345203,23.2437450119,-9.65733659339
2001-06-14,-16.4232942127,13.5411255793,22.9641197033,-10.853260952
2001-06-15,-18.076048021,12.5718065306,22.0971918934,-9.65298032287
2001-06-16,-18.4091406214,13.1170201009,22.6576918925,-12.7482106885
2001-06-17,-18.3613097577,14.4374312084,21.8288451284,-11.4828143797
2001-06-18,-17.9992027346,14.6563834053,22.5149476088,-12.8408080328
2001-06-19,-18.9272267111,16.6014193258,22.0035423599,-12.5582689582
2001-06-20,-18.4274451146,17.1386453526,23.4096469001,-12.3248794895
2001-06-21,-16.7805145016,16.7024146243,24.8928134141,-12.9843575014
2001-06-22,-15.5084482901,15.6594036015,24.6854226627,-12.5387982293
2001-06-23,-14.6712692755,14.7411684681,23.8888135808,-10.9652527913
2001-06-24,-14.8497281583,13.7666627561,25.1863072994,-10.0983159063
2001-06-25,-14.6170720612,12.7781687585,25.3665435224,-9.59567908364
2001-06-26,-12.9160140579,12.8437161796,26.4680703629,-8.18326189248
2001-06-27,-12.4891297948,12.7224698006,25.6038538658,-8.94360529905
2001-06-28,-10.8776304665,12.6096619176,26.2659060508,-6.4214587031
2001-06-29,-11.7958294176,12.0650184652,24.9696225151,-7.2437601498
2001-06-30,-10.7659105373,13.6898211915,25.4055927256,-7.27869565533
2001-07-01,-10.2082722632,12.3118053216,24.1930635847,-7.70258605128
2001-07-02,-10.8982357142,13.1020513961,23.9066215747,-7.93646705888
2001-07-03,-9.65638203471,11.8023286434,23.7895208523,-7.04471107291
2001-07-04,-10.1574052301,9.70242137761,27.1318091608,-6.44329705381
2001-07-05,-9.97505505247,10.5222340001,27.7394019774,-5.11373702879
2001-07-06,-9.37567213694,9.49423321497,28.5101242828,-5.09691454383
2001-07-07,-9.18623001306,11.127365008,28.7780871485,-5.69377938774
2001-07-08,-8.27189137346,10.9052899799,29.3730462848,-5.52751623615
2001-07-09,-9.29362808163,10.1662506041,28.2293624624,-6.24608393218
2001-07-10,-10.2560324888,9.85033314089,27.5786267446,-5.97924510145
2001-07-11,-9.07094259703,10.1214649951,27.770189987,-7.53722814031
2001-07-12,-8.29712071025,10.5200578393,27.5119172235,-7.85393268433
2001-07-13,-8.80328249961,10.0447628231,26.4016513985,-8.80935288581
2001-07-14,-8.00933543112,10.6531505262,25.4682409628,-10.1107388863
2001-07-15,-9.00180583691,9.87770992632,25.3122661614,-10.2477821388
2001-07-16,-7.84149275178,9.99207287913,26.6090307913,-9.79685792
2001-07-17,-7.68576482417,11.8753158052,26.234615506,-9.06957945081
2001-07-18,-8.03749010177,12.4712653081,27.4176148393,-8.12048317478
2001-07-19,-7.20315390913,10.6274096036,27.2767749804,-7.45771744145
2001-07-20,-7.63077251284,11.1077315696,27.948221108,-6.17425136073
2001-07-21,-10.1460213145,11.6331054012,27.0901005553,-5.90360566985
2001-07-22,-10.2471145404,12.307860131,29.2175514614,-5.36250937011
2001-07-23,-10.6091923877,10.1585949114,27.6348412548,-6.27779311761
2001-07-24,-11.9961610628,10.3961096352,26.4444862985,-3.79842316694
2001-07-25,-12.5424505261,10.6760551263,26.5539842298,-4.70837522087
2001-07-26,-11.9680739397,8.92490628134,26.8186989312,-4.03655439689
2001-07-27,-13.8033387656,10.5074692852,25.3712115192,-4.65320444716
2001-07-28,-12.6141120969,10.1971350146,25.5102892697,-4.88158590052
2001-07-29,-12.9446899488,12.6649961979,26.1020042998,-6.17906417843
2001-07-30,-13.3166151477,13.509076177,26.6776370003,-6.54396687252
2001-07-31,-14.0651978135,13.5495274691,26.4744240219,-6.68818385556
2001-08-01,-13.2577664646,12.2583712282,27.9654907337,-6.88564307834
2001-08-02,-11.7950608064,12.0117188994,28.9802717545,-7.07072845768
2001-08-03,-11.5655918695,12.8721695121,28.0173304798,-6.74404832295
2001-08-04,-10.7276030469,13.6341158727,28.7635045963,-7.06198934868
2001-08-05,-12.0216375993,14.4471884638,29.5635121237,-7.49620086687
2001-08-06,-11.453547105,13.9668728968,29.9165452267,-7.3345145647
2001-08-07,-10.7513216284,14.2043426336,30.6774146184,-6.70969598099
2001-08-08,-9.97733276026,14.8367508694,31.1859653139,-8.12568792897
2001-08-09,-7.92846771658,13.8616140264,29.3488026344,-9.94991352778
2001-08-10,-6.24539910743,13.9533949354,30.968046601,-9.747184047
2001-08-11,-4.70060235561,12.8919951342,31.0972487919,-8.25319698961
2001-08-12,-6.65263300481,12.866663063,30.192110879,-8.11660468399
2001-08-13,-6.50431917668,12.4166296533,30.2808659936,-8.24340435396
2001-08-14,-6.61367989562,11.9237267513,28.5486818639,-8.45548337467
2001-08-15,-4.80804317264,10.9360508095,26.9750926321,-7.97480552161
2001-08-16,-4.65919959466,11.8695362611,27.6796937584,-8.60769816256
2001-08-17,-3.91504508462,11.7225419199,28.401963098,-9.5792569309
2001-08-18,-2.18918933123,12.2973027671,27.3977797457,-7.87564772953
2001-08-19,-0.678626696341,11.5287115042,27.1238872621,-8.18078621585
2001-08-20,-2.0243938621,11.6220860038,25.5137472103,-8.78209087814
2001-08-21,-2.66115478919,12.135904512,24.8688164232,-9.5216312177
2001-08-22,-1.82217086877,12.1950078269,24.816734162,-8.66922527269
2001-08-23,-0.965326328556,10.6131495634,24.2073151336,-9.1614168524
2001-08-24,0.475725727897,10.7275223197,25.9043086799,-11.2924800584
2001-08-25,-0.00909210065574,9.19829847714,25.7431104848,-11.2647641656
2001-08-26,0.194523445901,7.92962764022,27.2172550071,-12.8873362031
2001-08-27,0.59192427076,7.88197343849,28.0735385344,-11.8778812605
2001-08-28,-0.607602378566,6.99598941368,29.9853232797,-11.6264846411
2001-08-29,-0.306339940438,7.19887332508,30.3833234218,-11.5589989567
2001-08-30,0.314975077709,8.01090032555,31.5994969435,-10.4593432741
2001-08-31,1.06730293149,8.47733779246,30.9158730365,-9.53258572005
2001-09-01,-0.0251259608819,9.75672257265,28.9788385217,-10.7485197421
2001-09-02,0.442142003171,10.1315051318,28.8598616233,-10.7657213723
2001-09-03,-0.653441485497,8.43102790887,29.5270565089,-10.331681553
2001-09-04,-0.925534868964,7.11248458418,29.0758575174,-11.2355354411
2001-09-05,-1.17066300341,6.93677291127,30.656962851,-10.7329296825
2001-09-06,-2.71660072361,5.98959290929,29.1383292793,-10.6019126344
2001-09-07,-2.83972588631,6.67168131899,27.9302301553,-10.8221161819
2001-09-08,-1.64795798332,6.78203618117,28.2891420878,-10.1532058656
2001-09-09,-1.35014877624,7.0785896836,28.9970769952,-11.1595480425
2001-09-10,-0.815903097253,6.42965348453,29.8564682492,-12.132521938
2001-09-11,-2.62128235906,6.96684722024,31.4855411201,-10.9710942113
2001-09-12,-2.63481789895,4.66839234888,30.2892583973,-10.4255691683
2001-09-13,-3.27860726652,5.06004156485,30.6954304946,-9.90298918213
2001-09-14,-4.42832789322,4.4963780068,30.5561187505,-8.95559167547
2001-09-15,-5.43896443334,6.18639959727,30.5074929661,-9.28620940352
2001-09-16,-6.7662051718,5.73361993262,30.381750428,-9.27497358686
2001-09-17,-8.59660113921,6.02341406621,30.5019054759,-9.1916478077
2001-09-18,-8.36169063453,6.80395007129,31.2624506975,-9.25382124781
2001-09-19,-8.19752883316,8.079767059,31.0471854454,-8.31399971659
2001-09-20,-9.20479591373,8.42316530277,29.492053172,-7.3117375038
2001-09-21,-9.18051841518,9.98053608268,29.7617428019,-6.15234500292
2001-09-22,-8.58960225441,11.9971477678,27.9678614495,-5.57754319214
2001-09-23,-7.60631238179,12.0847641945,27.753056037,-6.39270137453
2001-09-24,-8.73406968879,11.0303363418,29.4140843277,-6.80195713509
2001-09-25,-10.0254773857,12.9937632447,30.6711704749,-6.69342570007
2001-09-26,-11.3853187556,13.9029888712,31.4904063887,-7.14744716235
2001-09-27,-12.1786631718,14.251605662,30.2502012004,-6.67779755243
2001-09-28,-11.8032739378,13.221677094,28.9347960873,-7.3231760789
2001-09-29,-9.72270048333,13.3118795667,29.1426970099,-7.12039938166
2001-09-30,-8.99704793806,13.8093595773,27.7153687349,-7.74851064298
2001-10-01,-8.87126745471,14.0188170514,26.6379048265,-8.82279806141
2001-10-02,-9.7386415676,13.0354662316,26.6244599885,-7.90069946807
2001-10-03,-9.41830248056,14.5601118764,25.6364197808,-7.51698051046
2001-10-04,-9.88388242612,13.059693897,27.7227757923,-4.06284842279
2001-10-05,-9.74748177435,14.5954351175,27.4182303908,-2.99386515305
2001-10-06,-10.4691596632,13.6469315069,28.6630841855,-1.97620466851
2001-10-07,-8.93778349586,13.9267200072,28.6523960342,-1.76950778849
2001-10-08,-8.40444608818,13.9478026971,28.562316602,-0.94810494305
2001-10-09,-8.11729567626,13.8302162101,28.9105731497,-2.48835468154
2001-10-10,-8.08445349077,15.0617622755,26.8525607375,-2.68901834667
2001-10-11,-6.81032616423,15.5475438625,27.182597167,-1.30141104687
2001-10-12,-5.75524647508,16.110139134,25.9069012156,-2.9393333548
2001-10-13,-5.59227663942,16.9160231686,24.7780758223,-1.83309000473
2001-10-14,-5.22833496377,16.5222796731,24.8274013258,-1.80514469173
2001-10-15,-5.95638814955,17.3320642237,23.9998872593,-1.87669622067
2001-10-16,-4.64958487142,18.2138130116,22.4164245313,-1.96004042622
2001-10-17,-6.92468215532,19.9310124277,23.3686160068,-1.34271541871
2001-10-18,-6.1557340737,19.416470618,23.1925703428,-2.12039949628
2001-10-19,-6.62514296245,21.8298820949,22.768129718,-0.727687569405
2001-10-20,-8.0407717955,22.7421334547,23.7722909548,0.652238549822
2001-10-21,-6.67650291205,22.7993106906,22.9675277641,0.395734805356
2001-10-22,-6.00796468568,25.6404983448,23.2241041595,-0.192275539479
2001-10-23,-5.76034818323,26.7639247987,22.8259309876,1.87590217641
2001-10-24,-5.60554752515,25.6057636648,23.4308236514,2.4915830844
2001-10-25,-6.74069953823,25.8466670586,22.9989316241,0.763442589964
2001-10-26,-6.72841081057,25.4450926728,21.551645793,0.627368854802
2001-10-27,-7.36862484089,25.5082405293,22.2139689669,0.232429226141
2001-10-28,-8.33199939147,25.6667386015,23.1800884722,-0.293321172285
2001-10-29,-9.62040041781,24.1039744401,24.2476036545,1.51910320396
2001-10-30,-9.55356660094,24.9240521361,24.8920615665,1.52443060991
2001-10-31,-10.369934348,25.2965452184,23.144110382,1.36119559592
2001-11-01,-9.79447370267,27.2771880629,23.5833822598,0.951899495216
2001-11-02,-10.3622963609,26.135762046,24.4455099064,3.04500450751
2001-11-03,-10.0043791825,26.1307884086,24.5061047284,3.30714015783
2001-11-04,-10.4766019994,25.9114329767,23.1869999035,4.28736955014
2001-11-05,-9.93299396681,26.2644815562,23.3182626997,5.24368648859
2001-11-06,-8.87607458632,26.6410826685,24.0562469033,6.6080732844
2001-11-07,-7.95178134293,25.512943713,22.6144306439,5.70950172633
2001-11-08,-8.135052457,25.622928292,21.5473645849,7.22557717855
2001-11-09,-8.30626487961,26.3124319403,22.8027027229,7.37416978577
2001-11-10,-9.28512286964,26.4832015445,23.5825441477,6.63120247082
2001-11-11,-9.79977439908,26.737507414,22.4880912904,7.8501153378
2001-11-12,-10.747099513,25.3087952795,22.9181204974,6.75111027616
2001-11-13,-10.1667930342,26.705203136,22.8434325244,7.30361309838
2001-11-14,-6.71855929949,27.3631973878,21.6905721381,6.42381390704
2001-11-15,-7.62309203286,27.089290859,22.2884153206,6.97362710313
2001-11-16,-6.23274400674,27.1992883521,22.4341972788,5.95730913126
2001-11-17,-5.35890559133,26.8279760156,21.5693040233,8.10334403364
2001-11-18,-5.73598409336,26.7338375776,20.2655655735,10.1964432896
2001-11-19,-5.95421888554,28.3295894892,20.596822681,9.91401599848
2001-11-20,-6.55426759393,27.9641267809,20.8756121725,9.70964410099
2001-11-21,-6.33743988276,29.507606468,22.5207690434,9.56274832747
2001-11-22,-5.67994565135,29.3184605609,22.9208253212,9.41343595266
2001-11-23,-3.8974133867,29.8888977196,22.2985619017,10.6722706837
2001-11-24,-3.28177333432,30.5483551036,22.3374711073,8.93362830875
2001-11-25,-3.66283091416,32.6032739796,23.2608894651,9.2141409366
2001-11-26,-4.33644658453,30.5165695491,22.1850828252,8.86202618097
2001-11-27,-6.26808244397,29.8620541006,22.3372748911,8.89205349953
2001-11-28,-4.64600974412,29.9179552019,20.1830956293,9.76809284669
2001-11-29,-5.791921317,29.7869399585,20.1573390555,9.74691112213
2001-11-30,-4.83276981735,28.53451363,20.8117604744,8.73446003206
2001-12-01,-5.39236640136,29.391300513,22.8716423029,8.9585610014
2001-12-02,-6.97805531803,28.5778488176,20.9295527845,9.92876512767
2001-12-03,-6.8104336882,28.4941159836,21.7037459386,9.00024008647
2001-12-04,-6.98070263985,29.2857779913,21.4809800964,6.9205720676
2001-12-05,-6.96830013002,29.6674918577,21.54078127,6.75144227682
2001-12-06,-7.14512036343,30.1539525118,22.7014444629,8.43692021282
2001-12-07,-6.9760467615,28.5380819938,22.6696490901,7.94170601361
2001-12-08,-8.30198825756,27.8927764383,23.0898627498,8.15810166291
2001-12-09,-8.82153406778,27.713077152,22.8277007855,5.47487489753
2001-12-10,-9.16732624915,27.6443681389,22.4043933018,5.33392094177
2001-12-11,-9.05441551326,26.2509934081,23.5109648925,7.68337092159
2001-12-12,-8.97658784686,25.8123475506,23.3896426861,6.57423722773
2001-12-13,-10.1197359504,25.52010365,21.872776101,6.72789744192
2001-12-14,-9.53998166019,25.372151868,19.615962729,7.2385752055
2001-12-15,-11.6016829337,25.2517479753,20.0188576573,7.98447359774
2001-12-16,-11.7056267266,24.6516018944,19.5918843364,9.66653644354
2001-12-17,-10.8237122827,25.59150607,20.7225033451,11.2596893632
2001-12-18,-11.2384465983,24.3001124783,22.0679552225,10.1704263072
2001-12-19,-10.3752738753,24.0669632649,22.2094184763,12.090760675
2001-12-20,-10.1793200524,23.6771305415,22.8118011958,12.7135623914
2001-12-21,-9.57604215256,23.252019133,23.2727805336,13.2218152446
2001-12-22,-9.48518686527,22.674805017,23.9971385102,12.1401524326
2001-12-23,-9.24151918806,22.7642008235,24.4281054574,12.7479020898
2001-12-24,-7.60537485616,23.341405897,24.0875764263,12.0765266045
2001-12-25,-7.90792578524,22.9788979596,24.5866667905,11.505219306
2001-12-26,-9.71952417488,23.0318814873,22.985181582,13.276708136
2001-12-27,-8.47241763612,23.0696171265,21.7612121663,12.7327324518
2001-12-28,-7.22760203472,21.1635845175,21.6009055876,11.0140889812
2001-12-29,-5.06986679438,20.5684576935,23.1131295769,11.2502889031
2001-12-30,-4.01190758611,19.9319030344,23.0089339745,10.6968053067
2001-12-31,-2.94604588996,19.5497961353,22.0034046753,10.7021577342
2002-01-01,-2.00172664204,20.4969714254,21.816196889,9.34287176684
2002-01-02,-1.41039173039,20.7495596168,22.8051324557,10.1114442472
2002-01-03,-0.567087276347,21.5273694427,22.4712984609,10.9246044706
2002-01-04,-0.440498954317,22.4894489908,21.6686897936,11.1287116576
2002-01-05,-0.937327883869,22.4781423428,21.7833199566,9.57798240247
2002-01-06,-1.46224584343,22.0188268438,22.0083553476,10.2400270705
2002-01-07,-0.916699542787,20.7702970394,20.3637143628,10.3029243536
2002-01-08,-0.811441477263,21.7712262858,19.060756162,8.20230388621
2002-01-09,-0.500422870118,20.5406154666,18.5097451954,9.76402609377
2002-01-10,-1.2058942205,20.7167350492,18.9414810922,9.30505130357
2002-01-11,-0.934841159019,20.4944625371,19.2327117407,10.2860554408
2002-01-12,-0.514010100324,19.1409981829,20.4811129196,9.70376426537
2002-01-13,0.598396138127,19.9995213618,20.2970043632,9.41777181977
2002-01-14,-0.421954624219,21.2528395676,19.1963088562,9.70518299081
2002-01-15,-1.23736679293,21.1905763778,19.4229539798,8.03935503657
2002-01-16,-1.69779428155,19.443181631,21.1700783292,6.31100863853
2002-01-17,-3.75657113623,19.748499602,21.3381233471,6.6566037341
2002-01-18,-4.61586400927,18.9699817077,22.1224821332,5.08591115054
2002-01-19,-5.75356023694,18.4438739299,23.0421738832,4.08560940204
2002-01-20,-5.07110929123,18.9371822905,21.711178859,3.12712388425
2002-01-21,-4.41382521017,19.4144830602,21.6653093163,2.13002408935
2002-01-22,-5.82240179143,18.6094706689,22.2602392278,2.13044990032
2002-01-23,-5.20106570685,19.6436199298,21.0497436483,3.143646166
2002-01-24,-4.85926483951,20.6985789732,19.7037473124,2.73214402544
2002-01-25,-5.2150139259,19.5304744089,18.4444407277,4.14656258623
2002-01-26,-4.64166662997,19.7057341392,18.9664291883,2.88204468628
2002-01-27,-5.63319490321,18.9660996327,17.6294344713,0.767890584259
2002-01-28,-5.86429378666,19.2754733519,18.3857899088,-0.694421509369
2002-01-29,-6.43121511747,20.1144476463,19.3743186568,0.0598836794332
2002-01-30,-5.99377530322,22.5642056364,18.8284797547,-0.631415961483
2002-01-31,-6.91110877547,19.9136636646,18.3504274152,-0.0445601069579
2002-02-01,-5.85744726889,21.2458330948,19.0508466566,-0.153853684391
2002-02-02,-6.06165284397,22.5621095414,20.6947845587,-0.801988775963
2002-02-03,-6.98338263492,22.8667503459,19.6660532165,-0.463293195555
2002-02-04,-7.97362760971,23.6724510769,18.6436550435,-0.159284105573
2002-02-05,-7.21452585607,23.1631163978,19.0609987651,0.0583081750327
2002-02-06,-8.10736951521,23.777572893,21.323453772,-1.10549824958
2002-02-07,-7.13547638672,24.5880741838,20.7227285441,-0.388319081864
2002-02-08,-7.28280468795,25.6500987078,20.0428200669,-0.279112965171
2002-02-09,-7.58884085507,25.373922962,19.8535819342,-0.351707510875
2002-02-10,-9.61601166362,25.2103465128,16.9578238379,-0.848492070299
2002-02-11,-8.22342987198,26.3992860074,17.3899814467,-1.75099852881
2002-02-12,-7.08894118831,25.1514440446,15.9422818824,-2.06023111144
2002-02-13,-7.86278710476,25.2384366827,16.6538752787,-1.6571558307
2002-02-14,-6.02869782819,23.7286449441,15.9779304028,-2.15731112079
2002-02-15,-8.17534073302,24.6158495564,15.4663633571,-1.3143835305
2002-02-16,-8.04930528959,24.7417744976,15.7063605827,-1.27284670123
2002-02-17,-8.42146415632,25.1520028559,16.2656253028,-2.17418350254
2002-02-18,-8.02175118139,24.9413141328,14.9002640084,-1.84337065015
2002-02-19,-8.73570199998,24.9714066175,15.4414303833,-1.77170164757
2002-02-20,-8.87430912953,26.2583659804,15.2822551184,-2.66709223076
2002-02-21,-9.43216432789,28.5440156114,15.3180092733,-2.24027687576
2002-02-22,-11.1144647295,30.1564735185,15.3930370356,-2.87400225778
2002-02-23,-11.0128878534,29.4665862884,16.2054322454,-1.87613238968
2002-02-24,-9.60770522523,28.3008967045,16.9634767552,-2.3970739086
2002-02-25,-9.64926104492,28.3158471533,17.8301442559,-1.91540528568
2002-02-26,-9.55818630052,28.3582111393,18.2325737681,-3.23706295759
2002-02-27,-9.32679521133,28.5705561082,16.4507502706,-4.22580886565
2002-02-28,-9.43126456058,29.4767288535,16.0671321609,-5.47674421875
2002-03-01,-10.5223976845,27.6221734049,16.1754723884,-4.52934165785
2002-03-02,-11.182612754,26.8239658265,16.9455934586,-6.03439323439
2002-03-03,-11.135093416,26.5261253805,15.9228701895,-6.86061717026
2002-03-04,-11.316529022,26.7050864235,17.5227170043,-8.86547908088
2002-03-05,-11.1669487204,25.7118868255,18.0333910866,-7.99904926837
2002-03-06,-9.66457857617,26.756232508,18.2825938652,-8.57975756691
2002-03-07,-11.4708651528,26.7317449108,19.0619648385,-7.33914831365
2002-03-08,-11.7686191834,26.8627672472,20.279549867,-7.9470635822
2002-03-09,-10.8452040655,25.9197804769,20.7829433037,-7.96981191381
2002-03-10,-9.42444790379,26.8931649906,22.29792761,-8.14720967441
2002-03-11,-8.06344104657,26.4139078624,21.3929463128,-8.95936285162
2002-03-12,-9.55270220553,25.6199236939,21.8873006394,-11.8140030659
2002-03-13,-8.15252928989,25.4755487279,22.3255006094,-12.0637535494
2002-03-14,-10.031449727,25.1875306818,22.999516302,-12.8624334651
2002-03-15,-10.4726078543,24.6047467785,23.6147904503,-12.4184020992
2002-03-16,-9.34547954466,26.2931836003,22.6299052298,-11.654330129
2002-03-17,-9.38308528609,25.7302729976,21.726916093,-9.37360916653
2002-03-18,-8.25440822268,25.6891846873,22.3903498472,-9.62649709987
2002-03-19,-8.13708225808,27.6552883616,21.4522641565,-10.5215388579
2002-03-20,-7.93495798365,27.2027544824,19.4790869712,-10.3773451649
2002-03-21,-8.30428205731,25.747391403,21.1072903008,-10.5719294374
2002-03-22,-7.71741208925,25.6768333598,18.830145366,-8.71914080819
2002-03-23,-9.0399644838,24.860632014,19.9305165166,-9.81604294696
2002-03-24,-10.0246635994,24.4906126675,20.4119305236,-11.4134752008
2002-03-25,-10.3204264775,25.0513662231,20.1607898685,-10.5414804904
2002-03-26,-10.5470482501,24.3798291162,21.2344033898,-10.899210844
2002-03-27,-10.2134079037,24.5332872047,20.8512353856,-10.3715088749
2002-03-28,-11.927764348,23.9667280186,21.8254749222,-10.5625438236
2002-03-29,-10.4232422138,23.4306076137,22.8415100042,-12.2106300773
2002-03-30,-12.0547245681,23.1952007984,22.6818791283,-12.4378692114
2002-03-31,-13.8700072953,24.6977845541,21.7803976477,-11.6614353667
2002-04-01,-13.1587314111,24.3405526477,20.7075576628,-11.4916456632
2002-04-02,-13.4861168983,25.1113844829,19.00909461,-11.4717767471
2002-04-03,-12.858621125,26.9154609943,20.726890657,-12.8761756717
2002-04-04,-11.7046759395,26.4299393938,20.9068998501,-13.3487908514
2002-04-05,-9.26148308297,28.362661611,21.4900795584,-14.0765623198
2002-04-06,-10.0148407171,27.7832585611,21.9946348074,-14.5141201299
2002-04-07,-8.27655934906,28.6076891083,24.1295237614,-14.1105774988
2002-04-08,-7.825058985,27.2299692501,25.5447606137,-13.9950592888
2002-04-09,-8.33542228919,25.8887325454,24.9252333665,-12.0189378753
2002-04-10,-8.99859749285,25.810659779,25.3577556206,-12.454127479
2002-04-11,-10.2363730063,24.8949864324,25.9338309194,-12.0600849628
2002-04-12,-9.17068273725,25.5077217432,25.4461831099,-11.4828802747
2002-04-13,-8.85581178538,23.4864751467,25.8308684954,-11.3444010255
2002-04-14,-9.42974348885,24.1754122313,25.7071539607,-11.711761343
2002-04-15,-12.188526667,23.1919775541,24.4642954308,-11.3916152838
2002-04-16,-10.0546496011,23.7799442913,22.4925516885,-11.5327854489
2002-04-17,-8.77190860891,22.9086303239,22.9802766476,-11.9917008062
2002-04-18,-10.1323823597,23.0747991134,20.5896952885,-13.2590671464
2002-04-19,-11.5647441118,21.924084928,20.6434778074,-12.9715184689
2002-04-20,-12.5550566751,21.5145601186,22.4178542112,-13.4672165057
2002-04-21,-12.597387017,21.8955226192,23.736766597,-12.2496179584
2002-04-22,-12.568637747,24.3015680253,23.3429836747,-12.3275498044
2002-04-23,-13.2049990481,23.7265073054,24.3929045596,-12.1461520058
2002-04-24,-11.6824910783,23.6073658466,26.0537301879,-12.9138405775
2002-04-25,-13.5382768238,25.3128150498,26.9138886189,-10.9678235319
2002-04-26,-12.7101672486,25.2099710961,26.205848554,-12.3464316497
2002-04-27,-14.1761357317,26.5547631743,26.1726293748,-11.9380816261
2002-04-28,-12.4956327736,25.1474666011,27.4519560948,-10.6339412749
2002-04-29,-12.3644308584,25.6726980404,26.2687866717,-10.8087769339
2002-04-30,-12.0651849033,25.0928825371,26.6781602682,-12.8295534808
2002-05-01,-12.2541649386,24.0746796874,27.5408052517,-13.4086428577
2002-05-02,-13.9579855369,26.0821443158,25.196586226,-13.6056639222
2002-05-03,-13.643821889,26.0126299924,23.5702108623,-13.5378648888
2002-05-04,-13.2576191051,25.4117874605,22.0282102265,-12.0379264361
2002-05-05,-14.6257610326,25.3742723401,21.3470124387,-12.0443924953
2002-05-06,-15.3197199977,26.2001325502,20.5941360118,-11.7933998349
2002-05-07,-14.8154346768,23.3979695381,19.5654841252,-12.796076638
2002-05-08,-14.2914052362,24.866673668,19.76791539,-11.2899702092
2002-05-09,-12.6594453974,23.3150710662,20.5499122971,-9.98605508226
2002-05-10,-12.6468535559,22.6197134739,20.8745440116,-12.4320932038
2002-05-11,-14.2063149899,22.583210173,20.8728152238,-12.7454277415
2002-05-12,-12.9333659353,23.0469607029,21.4211366107,-12.0699160399
2002-05-13,-11.5064723362,22.8003145246,23.9053636017,-12.4379634926
2002-05-14,-11.7566887089,21.8322924163,25.1890112191,-12.0902445175
2002-05-15,-9.64557054458,22.2746622942,23.799747626,-11.3693286213
2002-05-16,-9.98462641623,22.5310265614,23.1435111071,-11.5144694418
2002-05-17,-9.59448402422,21.7769738122,23.5759891892,-11.3884891827
2002-05-18,-8.26970513922,20.2704877982,24.2516559254,-11.1923544108
2002-05-19,-7.92877406549,20.0278972015,24.1142413845,-10.8983155395
2002-05-20,-8.24241789221,19.9075633005,24.1507033527,-10.3750154259
2002-05-21,-9.23269657998,20.5209838623,25.7478062845,-10.6860409977
2002-05-22,-8.46600196009,20.976646323,26.7928887933,-11.0369211495
2002-05-23,-8.42649387021,19.9968035178,27.5951054313,-8.43304031358
2002-05-24,-8.5335652731,19.6648459426,25.8727283942,-10.0271470009
2002-05-25,-8.62834392545,19.0818479665,26.1543726308,-9.85921534211
2002-05-26,-8.59854917517,17.7635984784,24.7357868896,-13.0968627403
2002-05-27,-8.54372876993,19.0034714276,25.9402243635,-12.6191380695
2002-05-28,-9.3799311194,18.2440819143,26.0086644435,-12.7299289157
2002-05-29,-8.9704359202,18.7850682475,24.7244465057,-13.4674808759
2002-05-30,-7.61574631903,17.6391193757,23.0574782219,-12.8201695479
2002-05-31,-8.50857912843,17.2156533624,23.9745319963,-13.8427955896
2002-06-01,-7.48204389849,17.0668032491,24.6323000798,-14.0470411751
2002-06-02,-5.76846766672,17.2298805064,24.2167837911,-13.6828242008
2002-06-03,-5.87638818107,17.6952006397,24.0645219728,-13.4171056224
2002-06-04,-4.89673251888,17.786732387,24.2455456335,-13.9527837029
2002-06-05,-4.69417698632,16.3484361375,23.3284508573,-15.4006622153
2002-06-06,-4.1680909962,16.4885070836,23.3687821888,-17.1171559569
2002-06-07,-4.50327839228,17.6072190321,23.5126542221,-17.6057561513
2002-06-08,-3.67416197963,18.0958744913,23.6969746039,-17.6279916378
2002-06-09,-3.05428608336,17.308982285,23.7459366587,-15.1108003159
2002-06-10,-4.47701274888,18.192030603,23.7741602542,-13.5993713189
2002-06-11,-4.12614157267,18.2295904318,23.6164588471,-13.8057797659
2002-06-12,-2.84662785275,18.544428538,22.8063884178,-13.8168359282
2002-06-13,-2.19799007461,18.4652438178,21.4709799165,-12.6696493615
2002-06-14,-2.06226594677,17.9305524172,20.9755496692,-12.1234324508
2002-06-15,-2.65917692852,17.8282939709,20.1971564124,-13.4500869832
2002-06-16,-2.88487258072,18.6825401397,19.8064375583,-13.6240188425
2002-06-17,-1.96376461549,18.7075781755,19.9602581136,-12.8963589972
2002-06-18,-4.52314700861,18.4427656094,20.09875356,-13.022726137
2002-06-19,-3.98074803981,19.8267001305,20.259158003,-13.5635690363
2002-06-20,-5.66598554195,21.2592060307,20.7880549732,-14.8124486772
2002-06-21,-6.35102077969,21.6127773184,22.2136676302,-15.0159277745
2002-06-22,-4.46963402856,21.8344624305,22.7812155036,-15.656941964
2002-06-23,-3.78442060411,20.8598018377,23.2158436906,-16.751786738
2002-06-24,-5.11866269789,20.293078044,23.9345208037,-15.6167073095
2002-06-25,-4.63112422083,22.1160251657,26.3001455412,-14.3812890378
2002-06-26,-4.22058862796,22.4114679757,25.4981285014,-13.2257574475
2002-06-27,-6.47795396202,22.7057677679,22.9458359536,-12.3458494152
2002-06-28,-6.68962698517,23.9078617862,21.778110605,-14.3335600943
2002-06-29,-5.88727722985,23.3838471314,21.2958185695,-14.8829674197
2002-06-30,-5.19468568446,22.443814201,20.8013010895,-15.2754561756
2002-07-01,-2.53214961913,25.3184898344,20.9180684299,-14.4896502338
2002-07-02,-2.33489451344,25.8409283646,21.5147644465,-14.9219233152
2002-07-03,-3.44930582013,24.724188349,21.7538015726,-14.3491026736
2002-07-04,-4.16680225193,25.4055397024,21.3773917614,-14.1943641253
2002-07-05,-4.50845606951,25.28816345,21.0532487188,-13.075535495
2002-07-06,-2.41827276701,27.0069958613,21.161377212,-12.9601035607
2002-07-07,-0.872414024159,25.4051799397,21.5606371683,-13.7218664524
2002-07-08,0.414273276344,23.0580459536,22.2195254493,-13.8884648209
2002-07-09,-0.0119044567865,23.4029521039,23.5242967985,-14.7336552141
2002-07-10,-1.18900852401,20.9436252611,21.798450341,-16.0472223448
2002-07-11,-0.724838840388,19.6314830107,20.5626098844,-16.5769147579
2002-07-12,-1.03328423997,19.4068654018,20.762359734,-15.6028395805
2002-07-13,-2.13056949915,19.4646655342,21.9958017476,-15.1637470308
2002-07-14,-1.40423958867,20.7234115555,22.4157733852,-13.4966400521
2002-07-15,-1.54836385001,19.7489553255,23.5231025375,-13.0419492439
2002-07-16,-1.64137197249,18.789933575,23.2272602486,-14.2266339833
2002-07-17,0.567411501549,18.2283355063,21.5456517235,-14.1995375142
2002-07-18,0.0865577814399,19.0555455995,22.2198382641,-13.3286140138
2002-07-19,-0.55614316785,17.2845470927,23.1666290714,-14.6985718089
2002-07-20,-1.38613105765,16.2807372236,23.3482559072,-15.3678711756
2002-07-21,-1.60654655823,15.2721236962,23.3840915797,-14.6631011191
2002-07-22,-1.90923298562,16.7870107869,23.9023731882,-15.7740543137
2002-07-23,-2.0768019972,17.1011365889,23.4619843431,-15.4334370897
2002-07-24,-1.73756109656,18.1532076549,22.2998433455,-16.2964472736
2002-07-25,-1.36706653336,19.2346402447,21.9158087057,-16.6052079452
2002-07-26,-2.12571531681,19.3780559744,20.1082085675,-16.6573341928
2002-07-27,-1.44516061447,21.0844920817,20.7047324601,-15.6210417124
2002-07-28,-2.97059988051,21.4024844645,22.5067126701,-15.8195865123
2002-07-29,-1.70703990462,22.7778021567,22.4084146601,-16.0330433126
2002-07-30,-1.68144419728,20.5477730399,21.9217924999,-17.4665429405
2002-07-31,-1.83607695897,19.7452102167,20.8601485091,-18.3953097969
2002-08-01,-2.30158361343,20.9970702599,19.1886422165,-18.2012348245
2002-08-02,-2.63575096786,19.7835888461,21.00628254,-17.9377217537
2002-08-03,-2.88345647987,17.1200327441,20.5816067586,-17.9968618165
2002-08-04,-1.50861772775,18.0928836538,21.3980438967,-18.6653305836
2002-08-05,-2.56576939736,16.9379205997,22.5614552849,-18.2519009759
2002-08-06,-2.52435916488,17.5811702583,22.3745219684,-18.105876614
2002-08-07,-3.72587245526,18.1717551676,22.3122632013,-18.3190187208
2002-08-08,-4.94531003261,17.9690643017,23.5056494654,-17.1219972812
2002-08-09,-5.7267067949,18.3600804235,24.6113425429,-15.5662311249
2002-08-10,-5.08846085908,16.3155229742,23.8641261065,-14.8577233667
2002-08-11,-5.00639011469,15.2826188681,23.2970621692,-14.2360325232
2002-08-12,-5.44774210652,15.908452147,23.1891553456,-15.1186410188
2002-08-13,-5.10193932361,18.0736634808,22.398306428,-15.3514399491
2002-08-14,-6.2838615504,19.059878133,21.0556192406,-15.8449185619
2002-08-15,-7.4565928958,18.6625913726,21.8658593167,-16.6667211403
2002-08-16,-7.1520806223,19.0081516793,21.7497794233,-17.1676806921
2002-08-17,-7.11707395212,20.2920453512,23.3294450686,-16.8513303387
2002-08-18,-6.79124442615,20.0671771744,22.8062597819,-17.9991685566
2002-08-19,-7.30006761935,20.1067734339,22.9600738962,-16.2702534396
2002-08-20,-6.17501056702,20.7924209825,21.618669261,-16.1657571383
2002-08-21,-7.09464926743,20.8541109311,21.7798909571,-17.62275043
2002-08-22,-5.55138057512,21.552290923,22.0687028657,-16.8079773674
2002-08-23,-4.53698279693,20.6138627878,21.1273273577,-17.1770837402
2002-08-24,-3.13520122665,20.6946343807,20.8653028542,-16.3333113975
2002-08-25,-0.91914716095,21.2099684192,21.4382418321,-13.863219882
2002-08-26,-1.69061285658,20.561555713,21.1725783847,-13.9791251521
2002-08-27,-1.5277457747,21.8972447998,21.0208153589,-12.7934650339
2002-08-28,-0.631068332907,20.4593775297,23.0917591311,-13.4524810265
2002-08-29,-0.746696584358,21.5865044392,22.7344411679,-13.3576477596
2002-08-30,-2.38031428406,20.4675909983,21.9713964186,-11.8805344362
2002-08-31,-1.73228428489,20.0940677184,22.4748413138,-12.9412927447
2002-09-01,-1.18722296994,20.2049311797,22.1700875827,-11.8451850946
2002-09-02,-1.22027432776,19.5966928006,22.6579042487,-13.2057335999
2002-09-03,-1.66343014172,18.9907293897,22.8415726687,-14.7488623038
2002-09-04,-2.00304863169,17.684110155,21.6168917441,-14.9850997245
2002-09-05,-2.55506362738,19.2521086204,19.6247226223,-14.9679374645
2002-09-06,-0.834984444542,18.4469321211,20.9034428104,-15.0062425828
2002-09-07,-1.30527575092,18.1745803636,20.9673351967,-13.8545110381
2002-09-08,-0.23631079294,20.5601242837,20.4067825873,-14.9298588668
2002-09-09,0.217759581715,20.7687451581,21.1139969891,-15.4379377722
2002-09-10,0.26380975299,20.9096821663,21.628607984,-14.8369961418
2002-09-11,-0.0450857430044,20.733011288,20.4507848517,-13.7310323534
2002-09-12,0.386088165773,22.5259276732,20.6595370189,-14.9067322865
2002-09-13,-1.47260398383,21.0083619592,19.9090355335,-15.8736537235
2002-09-14,-3.20048319392,20.5864575308,19.706053788,-15.8668290145
2002-09-15,-1.15482401599,19.9652784839,19.2667556261,-16.2825543816
2002-09-16,1.18274141681,21.5716185049,18.9538877811,-16.809468545
2002-09-17,2.214322652,22.6625374048,18.7519633529,-16.3738004475
2002-09-18,2.37641967073,21.9425371813,19.7682478083,-16.6237255789
2002-09-19,2.1968433621,20.323580544,17.7510222426,-17.1724142956
2002-09-20,0.939157648269,21.5946220832,16.3965056882,-15.9099920788
2002-09-21,1.13076539273,22.6132222976,17.0670814973,-16.173637252
2002-09-22,0.960133533806,21.9257781695,16.8368020909,-15.83297032
2002-09-23,2.5988405169,22.1019451056,15.9148342582,-15.9535518438
2002-09-24,2.06803313819,22.2895429115,17.0418601523,-15.6697966207
2002-09-25,2.20785494209,21.1369245018,18.6412030633,-15.6885655252
2002-09-26,1.05589142951,21.2549111234,18.633157029,-15.4721330175
